code,avg_amount_yi
300308,167.76
300502,154.69
300476,111.09
300750,108.72
688256,108.48
300274,100.65
601138,99.62
300059,88.62
300394,84.8
002475,82.04
603986,79.23
601899,78.52
600111,72.03
688041,69.24
688981,68.28
002050,64.78
002384,64.57
000988,60.32
688008,59.83
600519,55.71
000063,55.3
300058,52.98
002594,50.22
600089,49.91
002463,49.53
603019,48.59
601318,45.13
300136,43.57
300475,43.43
688525,43.18
002837,43.08
603259,42.77
000547,41.7
603993,41.52
600030,41.16
301308,40.96
600487,40.84
603799,40.64
002460,40.57
002281,40.52
600118,40.28
000977,40.11
002202,39.61
688012,39.42
300014,39.33
002371,39.03
002131,39.01
300450,38.52
300803,37.86
002156,37.74
600410,37.67
600879,36.85
600580,36.76
001309,36.48
002709,36.24
600584,34.81
600105,34.73
688521,34.69
300033,34.53
002261,33.85
600276,33.76
300418,33.53
300548,33.4
002466,33.18
002195,32.8
603083,32.64
600522,32.51
600036,31.77
601600,31.53
300442,30.97
601012,30.83
300604,30.47
600150,30.28
002600,30.1
600498,30.09
601127,29.94
002241,29.61
002407,28.93
300433,28.78
600010,28.58
300115,28.56
000657,28.39
688313,28.27
300620,27.74
000725,27.41
600183,27.22
300857,27.17
002230,27.06
000981,27.05
600418,26.83
300395,26.8
601288,26.78
300223,26.65
300570,26.56
601888,26.49
002074,26.41
000021,26.16
600900,25.95
601689,25.62
000938,25.42
000333,25.36
600309,25.35
300456,25.33
000792,25.3
688110,25.3
000831,25.25
300017,25.14
300124,25.02
600549,24.97
601398,24.76
002428,24.73
601869,24.65
601179,24.56
000592,24.45
688347,24.29
688498,24.21
000066,24.12
002402,23.9
002602,23.82
000426,23.81
002436,23.79
600392,23.74
000858,23.51
603501,23.3
002916,23.17
601698,23.17
300757,23.1
002130,22.39
300390,22.05
600601,21.95
300468,21.77
601606,21.68
600895,21.56
601727,21.4
002149,21.35
600362,21.34
300339,21.25
000617,21.17
002008,21.14
002759,21.02
000338,20.79
000630,20.75
002851,20.74
603228,20.69
300346,20.65
601211,20.6
600988,20.58
600875,20.26
688111,20.14
300724,20.07
002104,19.86
600703,19.86
601857,19.74
300085,19.73
300207,19.7
002714,19.64
002938,19.63
002465,19.61
601360,19.61
600489,19.49
601688,19.25
002639,19.21
600547,19.17
603881,19.11
300748,19.06
300102,19.0
000100,18.95
002716,18.78
688072,18.73
600143,18.68
000559,18.53
002812,18.48
688048,18.48
002049,18.42
300364,18.37
301171,18.31
002335,18.21
603667,18.21
600406,18.09
600438,18.0
600330,17.96
002080,17.87
603893,17.81
300751,17.79
600021,17.72
688205,17.71
002565,17.67
601669,17.54
002415,17.42
300065,17.42
002155,17.36
300342,17.27
002185,17.26
002240,17.2
688629,17.18
002506,17.07
300170,17.06
600938,17.04
000651,17.0
601166,16.91
300762,16.85
600989,16.83
002792,16.79
601868,16.72
601988,16.72
002738,16.7
300773,16.7
600673,16.61
002413,16.47
603920,16.44
688183,16.44
600711,16.4
600760,16.4
002342,16.36
600176,16.35
601208,16.3
601162,16.24
002558,16.1
300438,16.05
600589,16.0
600570,15.98
301205,15.95
300661,15.68
300251,15.59
600343,15.59
300383,15.58
300760,15.51
002340,15.37
002361,15.36
688195,15.34
688027,15.3
300139,15.29
600096,15.19
600893,15.18
000807,15.12
002555,14.98
600031,14.95
300408,14.86
300738,14.86
301358,14.86
002222,14.85
002015,14.74
301217,14.74
301511,14.71
300763,14.7
002625,14.69
600699,14.65
002549,14.62
603601,14.55
000960,14.54
600050,14.53
600460,14.48
601872,14.39
601601,14.31
000158,14.24
300766,14.24
002028,14.09
600839,14.09
002378,14.08
300666,14.08
002273,14.05
605117,14.05
600246,14.04
002364,14.01
600157,13.97
002611,13.93
300672,13.92
300255,13.87
300458,13.84
600887,13.77
601336,13.74
002400,13.62
000878,13.59
301526,13.54
601212,13.52
688766,13.5
688122,13.45
301396,13.42
601919,13.41
601088,13.38
002471,13.37
600219,13.32
300432,13.28
000776,13.25
002173,13.24
002115,13.21
600884,13.18
300199,13.12
300409,13.1
600930,13.08
603659,13.01
688676,13.0
301005,12.93
600919,12.92
600016,12.89
001267,12.83
600028,12.83
603256,12.82
002326,12.81
000737,12.79
300870,12.77
601168,12.76
688017,12.76
000901,12.74
688158,12.74
601933,12.69
002536,12.68
300260,12.67
302132,12.66
300316,12.65
603516,12.63
300827,12.62
002456,12.6
603119,12.58
002353,12.52
300118,12.4
688167,12.36
000070,12.33
600986,12.31
000001,12.29
300568,12.26
300846,12.24
002245,12.22
002648,12.17
000568,12.15
300436,12.15
603629,12.13
601328,12.12
300007,12.11
000034,12.1
300782,12.05
600415,12.05
300073,12.01
002366,11.99
600941,11.97
603296,11.95
603686,11.94
002409,11.92
601668,11.92
601020,11.82
600259,11.81
002317,11.77
600967,11.74
000681,11.73
601696,11.72
603300,11.69
600550,11.65
300496,11.63
603011,11.61
000969,11.59
002129,11.59
300131,11.57
000933,11.56
300454,11.54
300499,11.53
600809,11.53
688777,11.49
600110,11.46
300037,11.43
300300,11.42
300164,11.36
600151,11.36
300377,11.35
688472,11.33
688343,11.31
002179,11.3
600126,11.27
002497,11.26
688249,11.25
300655,11.24
301236,11.23
002176,11.2
002517,11.19
002865,11.17
002017,11.16
600667,11.16
603179,11.14
300008,11.12
300204,11.09
601615,11.07
601778,11.06
300166,11.05
300373,11.05
601231,10.98
600160,10.95
002484,10.92
002352,10.91
002920,10.9
600206,10.89
603005,10.89
300054,10.88
688126,10.83
301183,10.82
600690,10.8
688123,10.76
002126,10.73
600026,10.72
601985,10.72
603778,10.72
002192,10.71
601100,10.69
002151,10.66
300322,10.66
300657,10.62
600048,10.62
600326,10.55
300474,10.53
300285,10.52
601929,10.52
002414,10.5
002491,10.48
688608,10.47
688120,10.43
603063,10.41
300398,10.4
688047,10.38
000519,10.37
002025,10.37
002272,10.34
600588,10.32
002229,10.3
600577,10.3
600497,10.23
688099,10.22
000425,10.17
601611,10.17
600744,10.15
600619,10.13
002487,10.12
301486,10.11
300229,10.07
601225,10.07
002624,10.06
600000,10.05
300045,10.01
300953,10.0
002249,9.97
300567,9.97
300520,9.96
600338,9.96
600536,9.95
688037,9.95
601126,9.92
688387,9.9
002298,9.89
688223,9.88
600602,9.87
300503,9.86
601390,9.86
300624,9.85
601939,9.85
300759,9.84
000408,9.82
002429,9.82
002389,9.81
688568,9.8
000625,9.78
300769,9.78
002046,9.73
002617,9.71
000636,9.69
601728,9.68
002896,9.67
002657,9.66
002654,9.64
000768,9.63
002031,9.54
603127,9.54
688411,9.54
300189,9.53
000564,9.51
300035,9.51
600172,9.51
600531,9.51
688630,9.51
688361,9.48
000815,9.47
600104,9.47
601099,9.43
688234,9.43
002236,9.4
000400,9.38
000572,9.37
300113,9.37
001896,9.36
000975,9.35
601991,9.35
002001,9.34
300900,9.34
688235,9.33
002670,9.28
301018,9.27
688385,9.26
601519,9.25
300775,9.22
688702,9.22
601877,9.21
002027,9.19
600733,9.18
002432,9.17
603618,9.15
002276,9.14
688599,9.14
300638,9.13
300718,9.1
600821,9.08
600977,9.08
600666,9.07
300602,9.06
002472,9.05
601658,9.03
605358,9.03
001203,9.0
002756,9.0
000062,8.99
002459,8.97
000060,8.93
600366,8.93
002163,8.92
300903,8.92
301292,8.92
000833,8.91
688800,8.9
001389,8.87
300015,8.87
002165,8.86
002044,8.84
300444,8.84
600958,8.84
688333,8.84
002213,8.78
603306,8.78
002190,8.77
601169,8.76
688668,8.76
002850,8.75
300378,8.75
600482,8.74
603308,8.73
300100,8.72
688005,8.72
601766,8.7
688220,8.7
600256,8.69
603026,8.69
000603,8.68
300133,8.67
600435,8.67
603626,8.67
002142,8.64
301293,8.64
688388,8.63
300077,8.62
002171,8.61
603067,8.61
300153,8.58
002085,8.57
601975,8.56
688036,8.56
000002,8.55
600660,8.55
603688,8.54
002532,8.52
002797,8.52
300253,8.52
688627,8.52
002636,8.51
600869,8.51
300053,8.5
300182,8.49
300236,8.48
600188,8.48
601818,8.45
002177,8.44
301165,8.41
688019,8.41
002703,8.4
301550,8.4
300368,8.39
301489,8.39
300459,8.38
002065,8.37
002097,8.37
688396,8.37
300455,8.34
000555,8.33
300498,8.33
002138,8.32
688469,8.31
600795,8.28
601995,8.28
603906,8.28
002217,8.26
300002,8.26
000973,8.24
601377,8.22
600629,8.21
000887,8.19
300001,8.18
600585,8.15
601069,8.15
688331,8.14
601016,8.12
002354,8.1
301611,8.1
301377,8.09
000962,8.07
002929,8.07
300042,8.07
301316,8.07
688213,8.07
688503,8.07
300328,8.06
300184,8.05
000533,8.04
002251,8.04
002265,8.04
300296,8.03
002181,8.01
002467,8.01
600221,8.01
603538,8.0
601628,7.99
000762,7.98
600999,7.98
688536,7.97
002009,7.96
600353,7.95
000880,7.93
300814,7.93
301269,7.93
300179,7.92
002297,7.9
600926,7.88
601881,7.88
600186,7.86
688322,7.85
002842,7.84
002048,7.82
301357,7.81
001287,7.8
002580,7.8
001696,7.79
003021,7.79
300684,7.76
300699,7.76
600331,7.76
603650,7.76
300302,7.75
600693,7.74
600141,7.73
603236,7.68
300850,7.65
000733,7.61
300919,7.61
002426,7.6
688691,7.6
688031,7.59
688372,7.59
000661,7.58
688102,7.58
002498,7.56
600095,7.56
300130,7.55
300779,7.54
600372,7.54
600637,7.54
600170,7.51
300872,7.5
603444,7.5
688166,7.5
600635,7.46
688018,7.45
300693,7.44
002250,7.43
002196,7.4
300315,7.4
688585,7.4
300063,7.38
601788,7.37
601117,7.35
688271,7.35
002208,7.34
600019,7.34
605589,7.34
600171,7.3
601816,7.3
300347,7.27
002056,7.25
603087,7.25
000422,7.24
002640,7.24
300024,7.24
002537,7.23
002969,7.23
002987,7.23
300607,7.22
002821,7.19
300811,7.19
300003,7.18
688141,7.18
300324,7.17
688082,7.16
002734,7.15
600363,7.14
600391,7.11
600376,7.1
600732,7.1
605111,7.09
600426,7.07
603123,7.07
001330,7.06
600481,7.06
301200,7.05
300806,7.03
002235,7.02
002922,7.01
600797,7.01
301421,7.0
600103,7.0
000783,6.99
600196,6.98
301232,6.96
688353,6.96
601399,6.95
002519,6.94
300457,6.94
301306,6.9
003031,6.89
300265,6.88
688400,6.88
003040,6.87
002518,6.86
300674,6.86
300682,6.85
300677,6.84
688390,6.84
002579,6.83
600521,6.83
601319,6.83
601609,6.83
000796,6.82
603698,6.82
688002,6.82
000799,6.81
603290,6.81
002167,6.8
300353,6.8
300785,6.8
601555,6.79
603283,6.78
300593,6.77
300303,6.75
000967,6.71
300618,6.71
300046,6.7
300348,6.7
000859,6.68
688169,6.68
002405,6.67
688516,6.67
000157,6.65
001337,6.65
601009,6.64
000620,6.63
300180,6.63
600115,6.63
601958,6.63
000688,6.62
300747,6.61
600556,6.61
605090,6.61
300427,6.57
600203,6.57
688403,6.57
300290,6.54
300623,6.54
605376,6.54
002735,6.52
300581,6.52
300975,6.52
000700,6.51
300331,6.5
600346,6.5
300083,6.49
301389,6.49
601006,6.48
600396,6.47
603220,6.46
605499,6.46
603200,6.44
688025,6.44
000811,6.43
603690,6.43
000818,6.42
603305,6.42
688615,6.42
002255,6.41
300963,6.4
300660,6.38
600011,6.38
601111,6.38
300505,6.37
300573,6.37
600685,6.37
600592,6.36
600641,6.36
603716,6.36
603806,6.35
600590,6.32
600961,6.32
002544,6.31
003816,6.31
603288,6.31
002885,6.3
300224,6.3
600610,6.3
000506,6.29
002246,6.29
603936,6.29
603185,6.28
689009,6.28
000155,6.27
300252,6.27
301219,6.27
600905,6.27
603186,6.26
002312,6.25
002553,6.25
300776,6.25
002645,6.23
301128,6.22
603728,6.21
300731,6.19
301123,6.19
603606,6.19
603619,6.19
688318,6.19
000510,6.18
300047,6.18
603596,6.18
601059,6.17
601901,6.16
002119,6.15
300821,6.15
300589,6.14
601890,6.12
002747,6.09
600515,6.09
002897,6.08
300723,6.07
688063,6.06
600312,6.05
688297,6.05
603738,6.04
300469,6.03
002112,6.02
300576,6.01
300842,6.01
600490,6.01
002083,6.0
688778,6.0
002237,5.99
300866,5.99
002271,5.98
002796,5.98
300323,5.98
600459,5.98
603612,5.96
001208,5.95
002263,5.93
300142,5.93
600114,5.93
688519,5.92
000738,5.91
002939,5.91
301150,5.91
601233,5.91
603319,5.91
002396,5.9
002067,5.87
002210,5.86
601618,5.86
002815,5.85
300421,5.84
001298,5.83
002741,5.83
600595,5.83
688726,5.83
601229,5.82
688180,5.82
603876,5.81
688362,5.8
600885,5.79
301013,5.78
600446,5.78
000536,5.77
603077,5.75
300777,5.74
601216,5.74
601699,5.74
002309,5.73
000039,5.7
002683,5.7
001979,5.69
002940,5.68
300547,5.68
301095,5.68
301413,5.68
600737,5.67
600765,5.67
603169,5.67
688200,5.66
300337,5.64
600775,5.64
000032,5.63
002446,5.63
600367,5.62
600563,5.62
000980,5.61
000983,5.61
300679,5.61
300680,5.61
601916,5.6
603118,5.6
000612,5.59
000893,5.59
601898,5.59
002218,5.58
002736,5.58
000766,5.57
301536,5.57
601567,5.56
002320,5.55
002733,5.55
300122,5.55
000534,5.54
600345,5.54
603979,5.54
688556,5.54
300129,5.52
300493,5.52
301078,5.52
000628,5.51
002583,5.5
300049,5.5
300528,5.5
600871,5.5
600208,5.48
600722,5.48
000917,5.47
002490,5.47
300413,5.47
300446,5.46
600268,5.46
600316,5.46
600877,5.46
002422,5.45
688108,5.45
000566,5.44
002150,5.44
002882,5.44
002975,5.44
603496,5.44
688147,5.44
600726,5.43
603260,5.43
001270,5.42
002121,5.42
002560,5.42
301392,5.42
603009,5.42
002292,5.41
300497,5.41
301137,5.41
600468,5.41
688772,5.41
600633,5.4
688146,5.4
600862,5.39
603122,5.38
001339,5.37
002739,5.37
300486,5.37
600120,5.36
300634,5.35
600416,5.35
688233,5.34
600100,5.33
688327,5.33
000987,5.32
002455,5.32
603131,5.32
002493,5.31
688052,5.31
300913,5.3
301382,5.3
600027,5.3
002174,5.29
002607,5.29
000997,5.28
002266,5.28
688660,5.28
002183,5.27
002570,5.27
300244,5.27
600352,5.27
601677,5.27
688717,5.27
000970,5.26
600776,5.26
300591,5.24
000420,5.23
000830,5.23
002957,5.23
603000,5.23
301120,5.22
600301,5.21
603929,5.21
300088,5.19
600066,5.19
603533,5.19
603757,5.19
002902,5.18
300986,5.18
002915,5.17
300249,5.17
603773,5.17
000528,5.16
300895,5.16
600855,5.16
300558,5.15
000678,5.14
002157,5.14
603588,5.13
688559,5.13
000777,5.12
002077,5.12
002212,5.12
300465,5.12
002294,5.11
688502,5.11
301071,5.1
600845,5.1
688409,5.1
688116,5.09
688258,5.09
300533,5.07
601137,5.07
000591,5.06
600552,5.06
688028,5.06
688652,5.06
000758,5.05
300209,5.05
300896,5.05
300111,5.04
300706,5.04
600513,5.04
000723,5.03
002036,5.03
002418,5.03
600029,5.03
688535,5.03
002706,5.02
600702,5.02
002279,5.01
002203,5.0
000558,4.99
300185,4.99
000166,4.98
301517,4.98
601198,4.98
601717,4.98
688499,4.98
601838,4.97
000670,4.96
600644,4.96
688106,4.96
000932,4.95
688268,4.95
002152,4.93
300790,4.92
600184,4.91
600397,4.91
002379,4.9
300619,4.9
600015,4.9
688543,4.9
688172,4.89
002125,4.88
002941,4.88
300627,4.88
002094,4.87
002370,4.87
300043,4.87
002278,4.86
603486,4.86
300739,4.85
002779,4.84
600909,4.84
000629,4.83
300101,4.83
002201,4.82
301291,4.82
601998,4.82
601608,4.81
603002,4.81
000538,4.8
002410,4.8
600516,4.8
603662,4.79
002947,4.78
601908,4.78
603678,4.78
002153,4.77
300959,4.77
002311,4.76
300483,4.76
300584,4.76
688336,4.76
001301,4.75
300393,4.75
301338,4.75
688303,4.75
002510,4.74
002931,4.74
300071,4.73
301117,4.73
688275,4.73
688375,4.73
688523,4.73
601777,4.72
300843,4.71
603160,4.71
600562,4.69
603859,4.68
002444,4.67
002965,4.67
603663,4.66
600436,4.65
600201,4.64
600452,4.61
601058,4.61
601878,4.61
002291,4.6
002878,4.6
300086,4.6
301196,4.6
600598,4.6
000875,4.59
002194,4.59
002300,4.59
300263,4.59
603379,4.59
002182,4.58
301076,4.58
600501,4.58
000596,4.57
000963,4.56
002123,4.56
600158,4.56
002757,4.55
300726,4.55
600456,4.55
688222,4.55
601186,4.54
300191,4.53
300765,4.53
301191,4.53
002170,4.52
603322,4.51
688582,4.51
002256,4.5
300671,4.5
603232,4.5
688062,4.49
688578,4.49
000676,4.48
300005,4.48
300250,4.48
300598,4.48
301050,4.48
688700,4.48
002474,4.46
300429,4.46
600698,4.46
600835,4.46
002550,4.45
601106,4.45
688262,4.44
000892,4.43
601077,4.43
002681,4.42
300034,4.42
688208,4.42
002562,4.41
002601,4.41
003009,4.41
300516,4.41
301069,4.41
301487,4.41
688308,4.41
688449,4.41
002943,4.4
601969,4.4
688382,4.39
688698,4.39
000735,4.38
600152,4.38
600509,4.38
002338,4.37
300490,4.37
601619,4.37
300012,4.36
600166,4.36
300226,4.35
002530,4.34
301488,4.34
000786,4.33
002128,4.33
300127,4.32
301626,4.32
603456,4.32
688300,4.32
002655,4.31
003035,4.31
600783,4.3
603129,4.3
605123,4.3
688321,4.29
301629,4.28
002324,4.26
603598,4.26
688068,4.26
000801,4.25
002430,4.25
002468,4.25
300277,4.25
300709,4.25
300835,4.25
688380,4.25
688506,4.25
300480,4.24
600518,4.24
002108,4.23
600583,4.23
688228,4.23
002365,4.22
601066,4.22
603031,4.22
603345,4.22
300397,4.21
603809,4.21
002685,4.2
300972,4.2
603360,4.2
605196,4.2
300735,4.19
601108,4.19
688143,4.19
300276,4.18
603099,4.18
300687,4.17
000006,4.16
002979,4.16
002264,4.15
300319,4.15
600707,4.15
600868,4.15
603061,4.15
000560,4.14
300363,4.14
600478,4.14
600348,4.13
601136,4.13
000750,4.12
002315,4.12
002651,4.12
301141,4.12
002290,4.11
688332,4.11
300539,4.1
300546,4.1
002169,4.09
002373,4.09
300938,4.09
601218,4.09
688548,4.09
000823,4.08
300004,4.08
002310,4.07
301312,4.07
600233,4.07
000561,4.06
600078,4.06
000065,4.05
000751,4.05
300327,4.05
300541,4.05
600475,4.05
600686,4.05
600756,4.05
300062,4.04
300157,4.04
603341,4.04
002895,4.03
300925,4.03
000767,4.02
002470,4.02
002603,4.02
603078,4.02
002383,4.01
600109,4.01
603890,4.01
600850,4.0
601118,4.0
601665,4.0
603399,4.0
001212,3.99
002788,3.99
300435,3.99
300725,3.99
600571,3.99
601865,3.99
002385,3.98
301079,3.98
601001,3.98
002673,3.97
300708,3.97
600859,3.97
601633,3.97
603093,3.97
603267,3.97
000683,3.95
000837,3.95
002164,3.95
002881,3.95
002843,3.94
300098,3.94
300875,3.94
603985,3.94
603301,3.93
688049,3.93
688661,3.92
000703,3.91
000905,3.91
002023,3.91
300945,3.91
600773,3.91
603052,3.91
002423,3.9
300990,3.9
600916,3.9
688135,3.9
002093,3.89
300149,3.89
300222,3.89
601456,3.89
688127,3.89
002052,3.88
002304,3.88
300066,3.88
600763,3.87
688787,3.87
300192,3.86
600499,3.86
688088,3.86
300019,3.85
300740,3.85
301251,3.85
600226,3.84
600704,3.84
603268,3.84
688709,3.84
002575,3.83
002728,3.83
300663,3.83
600728,3.83
600886,3.83
688692,3.83
000890,3.82
002145,3.82
300772,3.82
688266,3.82
002945,3.8
605277,3.8
603605,3.79
002270,3.78
300031,3.78
603766,3.78
688418,3.78
301348,3.77
301408,3.77
600399,3.77
600674,3.77
002064,3.76
300489,3.76
300792,3.76
601116,3.76
603803,3.76
002545,3.75
600864,3.75
601789,3.75
603918,3.75
000009,3.74
002092,3.74
002440,3.74
600023,3.74
603212,3.74
300228,3.73
300617,3.73
300622,3.73
603108,3.73
002785,3.72
300651,3.72
688295,3.72
002006,3.71
002139,3.71
300188,3.71
600255,3.71
600271,3.71
688261,3.71
002891,3.7
600383,3.7
600990,3.7
000686,3.69
002204,3.69
300009,3.69
600600,3.69
603613,3.69
000423,3.68
000712,3.68
002980,3.68
300416,3.68
603712,3.68
002531,3.67
300399,3.67
300781,3.67
603938,3.67
002045,3.66
002596,3.66
301248,3.66
603767,3.66
600621,3.65
688591,3.64
002846,3.63
300128,3.63
300269,3.63
300613,3.63
301021,3.63
000601,3.62
002439,3.62
002765,3.62
300678,3.62
601799,3.62
002180,3.61
002445,3.61
600113,3.61
300830,3.6
600009,3.6
603367,3.6
300696,3.59
600873,3.59
603158,3.59
605289,3.59
688239,3.59
688779,3.59
600651,3.58
601918,3.58
002223,3.57
600216,3.57
605488,3.57
688006,3.57
688596,3.57
688776,3.57
000415,3.56
002437,3.56
003010,3.56
300258,3.56
000753,3.55
000999,3.55
300299,3.55
600378,3.55
000795,3.54
002244,3.54
300801,3.54
300885,3.54
600973,3.54
605598,3.54
688131,3.54
688549,3.54
000099,3.53
000729,3.53
002268,3.53
300201,3.53
600403,3.53
600808,3.53
688545,3.53
000759,3.52
300016,3.52
300537,3.52
600654,3.52
000949,3.51
300676,3.51
002081,3.5
300629,3.5
603507,3.5
688221,3.5
300145,3.49
301012,3.49
688508,3.49
002546,3.48
002961,3.48
002062,3.47
002682,3.47
002721,3.47
300703,3.47
301031,3.47
301307,3.47
600390,3.47
600801,3.47
603800,3.47
300158,3.46
300531,3.46
301099,3.46
600596,3.46
600761,3.46
600789,3.46
688416,3.46
688567,3.46
000582,3.45
600313,3.45
600546,3.45
603887,3.45
688365,3.45
688518,3.45
301297,3.44
601133,3.44
002827,3.43
301345,3.43
603978,3.43
605133,3.43
000539,3.42
002158,3.42
600408,3.42
600645,3.42
603687,3.42
002345,3.41
002805,3.41
300815,3.41
300999,3.41
000728,3.4
002416,3.4
002866,3.4
300690,3.4
600863,3.4
603338,3.4
600038,3.39
600266,3.39
688257,3.39
688552,3.39
002664,3.38
600179,3.38
600506,3.38
601636,3.38
002643,3.37
003022,3.37
300403,3.37
301510,3.37
605188,3.37
002347,3.36
002745,3.36
300943,3.36
000543,3.35
300293,3.35
300437,3.35
300443,3.35
600578,3.35
603583,3.35
688202,3.35
002063,3.34
300072,3.34
000581,3.33
300304,3.33
300905,3.33
688678,3.33
300571,3.32
300632,3.32
301468,3.32
600480,3.32
601808,3.32
688187,3.32
000593,3.31
001283,3.31
002527,3.31
002782,3.31
600339,3.31
603369,3.31
688301,3.31
002277,3.3
300057,3.3
300563,3.3
601061,3.3
603042,3.3
603286,3.3
605178,3.3
688097,3.3
300144,3.29
300658,3.29
301246,3.29
600751,3.29
000600,3.28
300283,3.28
603222,3.28
002970,3.27
300698,3.27
600061,3.27
600486,3.27
000690,3.25
002985,3.25
300753,3.25
301029,3.25
600741,3.25
002369,3.24
600072,3.24
688392,3.24
000537,3.23
002539,3.23
300287,3.23
300414,3.23
300628,3.23
300648,3.23
300890,3.23
300969,3.23
301363,3.23
000958,3.22
002339,3.22
300095,3.22
300683,3.22
301052,3.22
301216,3.22
002829,3.21
300291,3.21
600298,3.21
601866,3.21
002584,3.2
300340,3.2
601015,3.2
601800,3.2
688531,3.2
000993,3.19
300040,3.19
300494,3.19
300812,3.19
601595,3.19
688603,3.19
000876,3.18
300720,3.18
600108,3.18
688159,3.18
688433,3.18
002215,3.17
002730,3.17
601128,3.17
300606,3.16
600764,3.16
301261,3.15
301566,3.15
600933,3.15
688484,3.15
300067,3.14
300200,3.14
300491,3.14
301155,3.14
301529,3.14
600121,3.14
601021,3.14
000682,3.13
300267,3.13
601579,3.13
605305,3.13
601011,3.12
605020,3.12
688035,3.12
002926,3.11
300094,3.11
301662,3.11
600063,3.11
300382,3.1
300722,3.1
603171,3.1
002020,3.09
002448,3.09
301000,3.09
603358,3.08
603950,3.08
002966,3.07
300401,3.07
600888,3.07
601678,3.07
688150,3.07
002120,3.06
002328,3.06
002515,3.06
002632,3.06
603530,3.06
605136,3.06
688507,3.06
000825,3.05
002828,3.05
300859,3.05
603888,3.05
688227,3.05
000035,3.04
002029,3.04
002334,3.04
002478,3.04
301238,3.04
600586,3.04
603225,3.04
688593,3.04
000513,3.03
000727,3.03
300918,3.03
600133,3.03
600593,3.03
600985,3.03
600995,3.03
603166,3.03
688617,3.03
002534,3.02
600198,3.02
600227,3.02
600754,3.02
600770,3.02
603366,3.02
603861,3.02
000546,3.01
300758,3.01
600545,3.01
603090,3.01
688226,3.01
000722,3.0
002906,3.0
002913,3.0
300697,3.0
600318,3.0
000530,2.99
002078,2.99
002318,2.99
300428,2.99
600996,2.99
603328,2.99
688279,2.99
600320,2.98
605255,2.98
688316,2.98
300400,2.97
301522,2.97
000417,2.96
002368,2.96
002925,2.96
300551,2.96
300917,2.96
600060,2.96
600230,2.96
601311,2.96
688155,2.96
000680,2.95
300688,2.95
300809,2.95
301230,2.95
600968,2.95
000791,2.94
000899,2.94
000951,2.94
002595,2.94
003029,2.94
600815,2.94
600237,2.93
601666,2.93
603699,2.93
688165,2.93
000049,2.92
301658,2.91
002079,2.9
002248,2.9
002451,2.9
002488,2.9
301110,2.9
301368,2.9
601086,2.9
603683,2.9
605299,2.9
688561,2.9
000623,2.89
002160,2.89
002269,2.89
002533,2.89
300819,2.89
300964,2.89
688711,2.89
002040,2.88
002051,2.88
002773,2.88
300798,2.88
600428,2.88
688003,2.88
000990,2.87
002146,2.87
300921,2.87
600755,2.87
603069,2.87
603163,2.87
002258,2.86
300317,2.86
300580,2.86
300879,2.86
600409,2.86
000685,2.85
000968,2.85
002057,2.85
300820,2.85
300997,2.85
600131,2.85
600714,2.85
603124,2.85
603393,2.85
688186,2.85
002585,2.84
300840,2.84
600749,2.84
603466,2.84
688515,2.84
002284,2.83
002358,2.83
300082,2.83
300084,2.83
300545,2.83
300600,2.83
600085,2.83
600867,2.83
300611,2.82
603477,2.82
300121,2.81
301093,2.81
001236,2.8
600250,2.8
603977,2.8
688401,2.8
000829,2.79
002702,2.79
300525,2.79
603198,2.79
688020,2.79
002605,2.78
300641,2.78
300681,2.78
300767,2.78
688095,2.78
000923,2.77
002283,2.77
002427,2.77
300061,2.77
300415,2.77
600032,2.77
603505,2.77
603636,2.77
002262,2.76
002307,2.76
002990,2.76
300221,2.76
300852,2.76
600332,2.76
688170,2.76
000036,2.75
002859,2.75
002984,2.75
300351,2.75
300652,2.75
301201,2.75
688248,2.75
000921,2.74
002239,2.74
300177,2.74
688188,2.74
688798,2.74
300609,2.73
300810,2.73
603363,2.73
002520,2.72
300036,2.72
300217,2.72
300257,2.72
600025,2.72
601238,2.72
603316,2.72
688601,2.72
000778,2.71
002697,2.71
300041,2.71
300092,2.71
300451,2.71
301379,2.71
600258,2.71
688206,2.71
688210,2.71
000989,2.7
300487,2.7
600375,2.7
603039,2.7
603278,2.7
000895,2.69
002148,2.69
603191,2.69
002161,2.68
300730,2.68
301282,2.68
301326,2.68
000695,2.67
002075,2.67
002421,2.67
002755,2.67
300380,2.67
603883,2.67
688368,2.67
001331,2.66
002708,2.66
300196,2.66
301225,2.66
301285,2.66
600211,2.66
600361,2.66
600736,2.66
603032,2.66
002019,2.65
300087,2.65
300292,2.65
300357,2.65
301319,2.65
600718,2.65
601155,2.65
603696,2.65
300586,2.64
600267,2.64
688307,2.64
000665,2.63
002606,2.63
300369,2.63
300601,2.63
301091,2.63
600008,2.63
600039,2.63
600192,2.63
603786,2.63
000050,2.62
000925,2.62
002993,2.62
688059,2.62
688662,2.62
000810,2.61
000966,2.61
002582,2.61
300078,2.61
300871,2.61
600292,2.61
688091,2.61
688648,2.61
002091,2.6
002642,2.6
300075,2.6
301136,2.6
301500,2.6
601997,2.6
603072,2.6
603156,2.6
603927,2.6
688720,2.6
000027,2.59
000701,2.59
000709,2.59
002038,2.59
002725,2.59
300612,2.59
301070,2.59
002350,2.58
300079,2.58
300333,2.58
300579,2.58
300774,2.58
301498,2.58
301606,2.58
600329,2.58
603529,2.58
002073,2.57
002438,2.57
002803,2.57
300386,2.57
300952,2.57
600101,2.57
601226,2.57
000301,2.56
000525,2.56
000756,2.56
002010,2.56
002649,2.56
300569,2.56
301007,2.56
301256,2.56
601005,2.56
688160,2.56
688408,2.56
002559,2.55
600798,2.55
603327,2.55
603885,2.55
688520,2.55
000026,2.54
000672,2.54
003041,2.54
300603,2.54
605006,2.54
688114,2.54
301235,2.53
600006,2.53
601388,2.53
605060,2.53
000710,2.52
000886,2.52
000935,2.52
002134,2.52
002995,2.52
003018,2.52
301082,2.52
600389,2.52
601177,2.52
000785,2.51
002254,2.51
002590,2.51
300232,2.51
600018,2.51
600843,2.51
603106,2.51
300461,2.5
300507,2.5
300832,2.5
601018,2.5
601825,2.5
603269,2.5
688510,2.5
000708,2.49
002552,2.49
002831,2.49
300215,2.49
300233,2.49
600611,2.49
601607,2.49
300471,2.48
301176,2.48
600163,2.48
688299,2.48
688605,2.48
000839,2.47
002824,2.47
300181,2.47
300424,2.47
300542,2.47
301086,2.47
301188,2.47
600328,2.47
605168,2.47
688658,2.47
000551,2.46
002380,2.46
300018,2.46
300310,2.46
300447,2.46
300560,2.46
300572,2.46
300855,2.46
600979,2.46
601236,2.46
603897,2.46
688425,2.46
688788,2.46
000554,2.45
300587,2.45
600310,2.45
600782,2.45
600810,2.45
603353,2.45
002948,2.44
300841,2.44
603162,2.44
000936,2.43
002007,2.43
002100,2.43
002226,2.43
300227,2.43
300410,2.43
688326,2.43
002927,2.42
300485,2.42
300957,2.42
600517,2.42
603138,2.42
688799,2.42
300048,2.41
300911,2.41
601008,2.41
603115,2.41
688428,2.41
688636,2.41
000563,2.4
002669,2.4
300793,2.4
300863,2.4
300927,2.4
301373,2.4
601375,2.4
603660,2.4
000950,2.39
002903,2.39
300552,2.39
301096,2.39
600380,2.39
600959,2.39
601022,2.39
603668,2.39
300213,2.38
301330,2.38
603933,2.38
002406,2.37
300051,2.37
300783,2.37
600828,2.37
603882,2.37
000048,2.36
002011,2.36
002623,2.36
300448,2.36
300867,2.36
300940,2.36
603392,2.36
688621,2.36
688728,2.36
600161,2.35
600173,2.35
600528,2.35
603396,2.35
002068,2.34
300148,2.34
300996,2.34
600398,2.34
600721,2.34
600820,2.34
000409,2.33
000813,2.33
002452,2.33
300332,2.33
301008,2.33
600185,2.33
000524,2.32
002189,2.32
002434,2.32
300006,2.32
300248,2.32
300631,2.32
301263,2.32
301362,2.32
600056,2.32
603703,2.32
603912,2.32
000407,2.31
000720,2.31
002252,2.31
002935,2.31
003015,2.31
301603,2.31
301622,2.31
600682,2.31
600970,2.31
601966,2.31
000816,2.3
002355,2.3
600210,2.3
600388,2.3
600483,2.3
600606,2.3
000948,2.29
002219,2.29
002522,2.29
301325,2.29
688312,2.29
001317,2.28
002026,2.28
002042,2.28
002343,2.28
002401,2.28
002568,2.28
300120,2.28
300256,2.28
300473,2.28
300780,2.28
301085,2.28
603298,2.28
603939,2.28
603990,2.28
000922,2.27
002178,2.27
002348,2.27
002526,2.27
002653,2.27
300941,2.27
301038,2.27
301317,2.27
600816,2.27
601858,2.27
603088,2.27
000852,2.26
002225,2.26
002707,2.26
002886,2.26
002936,2.26
301568,2.26
301617,2.26
600880,2.26
688065,2.26
688306,2.26
002232,2.25
002299,2.25
002777,2.25
300345,2.25
301132,2.25
301231,2.25
600567,2.25
603960,2.25
002457,2.24
002578,2.24
002967,2.24
300467,2.24
300578,2.24
300650,2.24
301628,2.24
600980,2.24
688311,2.24
000965,2.23
001258,2.23
002847,2.23
300358,2.23
301301,2.23
600153,2.23
600282,2.23
601003,2.23
603607,2.23
688001,2.23
000545,2.22
002564,2.22
002676,2.22
002698,2.22
300080,2.22
300360,2.22
301571,2.22
600470,2.22
688359,2.22
000957,2.21
002928,2.21
300984,2.21
600354,2.21
600872,2.21
000998,2.2
002030,2.2
002132,2.2
003019,2.2
300109,2.2
300588,2.2
301002,2.2
301259,2.2
600664,2.2
603218,2.2
603383,2.2
603991,2.2
688107,2.2
000902,2.19
001400,2.19
002356,2.19
301026,2.19
600559,2.19
603086,2.19
603980,2.19
688733,2.19
000927,2.18
301315,2.18
688039,2.18
002892,2.17
300596,2.17
301158,2.17
600582,2.17
600618,2.17
600623,2.17
600642,2.17
600901,2.17
601096,2.17
603068,2.17
603112,2.17
603969,2.17
603988,2.17
688109,2.17
688192,2.17
000721,2.16
000889,2.16
002826,2.16
300402,2.16
300530,2.16
301600,2.16
600155,2.16
600477,2.16
600740,2.16
688117,2.16
000882,2.15
002860,2.15
301607,2.15
603318,2.15
605366,2.15
688563,2.15
000862,2.14
300026,2.14
300888,2.14
600650,2.14
600658,2.14
600866,2.14
603017,2.14
603297,2.14
603823,2.14
000008,2.13
000014,2.13
600906,2.13
603121,2.13
603181,2.13
605287,2.13
002392,2.12
002612,2.12
600829,2.12
600860,2.12
688319,2.12
000888,2.11
300241,2.11
301179,2.11
301458,2.11
600643,2.11
600803,2.11
000959,2.1
000995,2.1
001376,2.1
002285,2.1
002840,2.1
300203,2.1
300565,2.1
603931,2.1
688090,2.1
688639,2.1
000788,2.09
000797,2.09
003007,2.09
003026,2.09
300137,2.09
300991,2.09
600505,2.09
601880,2.09
603579,2.09
603693,2.09
688486,2.09
688538,2.09
000069,2.08
002453,2.08
301040,2.08
301182,2.08
301556,2.08
600129,2.08
601577,2.08
603040,2.08
603737,2.08
688016,2.08
688379,2.08
000037,2.07
000410,2.07
000928,2.07
300056,2.07
300099,2.07
300264,2.07
300761,2.07
300831,2.07
300967,2.07
600156,2.07
600207,2.07
603599,2.07
688209,2.07
002554,2.06
300727,2.06
301015,2.06
600758,2.06
600982,2.06
603386,2.06
603863,2.06
688631,2.06
600178,2.05
600288,2.05
600325,2.05
688023,2.05
001359,2.04
002589,2.04
300151,2.04
300745,2.04
301349,2.04
301366,2.04
600787,2.04
601566,2.04
688148,2.04
000798,2.03
000881,2.03
002629,2.03
300434,2.03
300540,2.03
300887,2.03
301213,2.03
600369,2.03
600458,2.03
600557,2.03
600800,2.03
601616,2.03
601990,2.03
688378,2.03
002768,2.02
600998,2.02
603110,2.02
688500,2.02
688663,2.02
000516,2.01
002103,2.01
002313,2.01
002597,2.01
301428,2.01
600062,2.01
600315,2.01
600360,2.01
605580,2.01
688281,2.01
688352,2.01
000567,2.0
001314,2.0
002243,2.0
002958,2.0
300146,2.0
300231,2.0
300768,2.0
600058,2.0
600826,2.0
605099,2.0
688260,2.0
688277,2.0
002386,1.99
002658,1.99
002841,1.99
300254,1.99
300518,1.99
301161,1.99
600535,1.99
600683,1.99
600710,1.99
601089,1.99
605222,1.99
688136,1.99
688320,1.99
002054,1.98
002187,1.98
002376,1.98
002635,1.98
002978,1.98
301152,1.98
600617,1.98
600785,1.98
603315,1.98
605378,1.98
688083,1.98
688439,1.98
688685,1.98
000565,1.97
002099,1.97
002647,1.97
300032,1.97
300055,1.97
300770,1.97
301073,1.97
301189,1.97
600132,1.97
603730,1.97
603867,1.97
688590,1.97
000877,1.96
002090,1.96
002124,1.96
300608,1.96
300705,1.96
300861,1.96
301302,1.96
600135,1.96
603333,1.96
688456,1.96
688690,1.96
688707,1.96
000501,1.95
002810,1.95
300235,1.95
603610,1.95
688009,1.95
688182,1.95
688381,1.95
688655,1.95
002675,1.94
002772,1.94
300162,1.94
300355,1.94
300950,1.94
301479,1.94
600098,1.94
600123,1.94
600500,1.94
600575,1.94
603915,1.94
688050,1.94
688553,1.94
002408,1.93
002548,1.93
003036,1.93
300644,1.93
300736,1.93
301509,1.93
600527,1.93
605100,1.93
688432,1.93
688716,1.93
000739,1.92
002593,1.92
300993,1.92
600918,1.92
601702,1.92
603045,1.92
603508,1.92
603878,1.92
688280,1.92
300511,1.91
300939,1.91
301397,1.91
603616,1.91
002701,1.9
600838,1.9
688278,1.9
688328,1.9
688626,1.9
000061,1.89
002221,1.89
002449,1.89
002513,1.89
002727,1.89
002787,1.89
300238,1.89
300354,1.89
300582,1.89
300654,1.89
300946,1.89
301327,1.89
600273,1.89
600865,1.89
603528,1.89
605088,1.89
688029,1.89
688550,1.89
000403,1.88
002117,1.88
002228,1.88
002807,1.88
300021,1.88
300174,1.88
300243,1.88
300261,1.88
300349,1.88
603520,1.88
603556,1.88
603590,1.88
000822,1.87
001286,1.87
300858,1.87
301127,1.87
301631,1.87
600022,1.87
600212,1.87
600281,1.87
600425,1.87
600507,1.87
600558,1.87
603025,1.87
603105,1.87
603197,1.87
002332,1.86
002500,1.86
002769,1.86
300134,1.86
300423,1.86
300595,1.86
300884,1.86
301160,1.86
301551,1.86
600127,1.86
600604,1.86
600841,1.86
688339,1.86
688363,1.86
000599,1.85
002795,1.85
300685,1.85
300786,1.85
301017,1.85
600284,1.85
600688,1.85
600691,1.85
600882,1.85
688181,1.85
000025,1.84
002362,1.84
300350,1.84
300922,1.84
301323,1.84
301580,1.84
600307,1.84
603203,1.84
603777,1.84
688522,1.84
000863,1.83
002086,1.83
002137,1.83
300132,1.83
300756,1.83
301101,1.83
301175,1.83
600222,1.83
603101,1.83
603227,1.83
605318,1.83
688032,1.83
688191,1.83
688719,1.83
002971,1.82
300626,1.82
300721,1.82
300816,1.82
301369,1.82
600529,1.82
600794,1.82
600848,1.82
601156,1.82
603666,1.82
603871,1.82
603900,1.82
002136,1.81
002838,1.81
300069,1.81
300478,1.81
300961,1.81
300980,1.81
301226,1.81
301275,1.81
600681,1.81
600779,1.81
603103,1.81
603109,1.81
688337,1.81
688539,1.81
000552,1.8
000586,1.8
001965,1.8
002296,1.8
002387,1.8
002563,1.8
002997,1.8
300219,1.8
300749,1.8
301207,1.8
601000,1.8
601992,1.8
688598,1.8
000505,1.79
002374,1.79
002752,1.79
002766,1.79
002809,1.79
002908,1.79
002937,1.79
300050,1.79
300686,1.79
300719,1.79
600739,1.79
603051,1.79
300335,1.78
300420,1.78
300825,1.78
300882,1.78
600075,1.78
600280,1.78
600379,1.78
601222,1.78
601333,1.78
603257,1.78
603928,1.78
688530,1.78
688677,1.78
688693,1.78
002106,1.77
002184,1.77
002626,1.77
002988,1.77
300926,1.77
600037,1.77
600566,1.77
600572,1.77
600587,1.77
600676,1.77
600792,1.77
600960,1.77
603226,1.77
603280,1.77
603829,1.77
603966,1.77
688153,1.77
688348,1.77
002608,1.76
002627,1.76
300168,1.76
300270,1.76
300286,1.76
600488,1.76
603336,1.76
603416,1.76
688584,1.76
002394,1.75
002900,1.75
300163,1.75
300689,1.75
600033,1.75
600649,1.75
601515,1.75
603608,1.75
000029,1.74
002037,1.74
002114,1.74
002705,1.74
002819,1.74
300161,1.74
300172,1.74
300271,1.74
301208,1.74
600106,1.74
600400,1.74
600927,1.74
600984,1.74
603421,1.74
603816,1.74
688562,1.74
000045,1.73
000576,1.73
002004,1.73
002771,1.73
002811,1.73
002893,1.73
002989,1.73
300169,1.73
300171,1.73
300376,1.73
300553,1.73
301398,1.73
688360,1.73
688513,1.73
300278,1.72
300279,1.72
300559,1.72
600748,1.72
603130,1.72
603211,1.72
603390,1.72
603815,1.72
605388,1.72
002041,1.71
002729,1.71
002960,1.71
300484,1.71
300642,1.71
300847,1.71
301172,1.71
301518,1.71
600684,1.71
603030,1.71
603901,1.71
605398,1.71
000503,1.7
000514,1.7
002033,1.7
002398,1.7
301228,1.7
600057,1.7
600117,1.7
603998,1.7
688077,1.7
688323,1.7
002162,1.69
002286,1.69
002443,1.69
300411,1.69
300987,1.69
301209,1.69
301270,1.69
600706,1.69
688229,1.69
000912,1.68
002206,1.68
002951,1.68
300557,1.68
300752,1.68
300909,1.68
300910,1.68
301027,1.68
600495,1.68
601900,1.68
603337,1.68
603518,1.68
688010,1.68
688176,1.68
688286,1.68
688488,1.68
000930,1.67
300141,1.67
300404,1.67
300700,1.67
300976,1.67
301333,1.67
601700,1.67
603037,1.67
603216,1.67
603565,1.67
603833,1.67
603997,1.67
000532,1.66
002637,1.66
002688,1.66
002839,1.66
002953,1.66
300119,1.66
300771,1.66
301265,1.66
301538,1.66
600064,1.66
600285,1.66
600769,1.66
601101,1.66
688586,1.66
000571,1.65
002053,1.65
002507,1.65
300440,1.65
300695,1.65
300711,1.65
301080,1.65
600467,1.65
600963,1.65
603195,1.65
688185,1.65
688480,1.65
688583,1.65
000659,1.64
002039,1.64
002329,1.64
002331,1.64
002599,1.64
002783,1.64
002806,1.64
300948,1.64
301153,1.64
301266,1.64
600067,1.64
600218,1.64
688007,1.64
688252,1.64
001227,1.63
300389,1.63
300733,1.63
300933,1.63
600622,1.63
600793,1.63
601139,1.63
603628,1.63
000819,1.62
002095,1.62
002197,1.62
300341,1.62
300902,1.62
301262,1.62
603239,1.62
603323,1.62
603817,1.62
688011,1.62
688478,1.62
688687,1.62
000650,1.61
000803,1.61
002301,1.61
002523,1.61
002588,1.61
002923,1.61
002952,1.61
300242,1.61
300246,1.61
300645,1.61
301178,1.61
600177,1.61
600262,1.61
603015,1.61
603332,1.61
603726,1.61
603826,1.61
688376,1.61
000598,1.6
002556,1.6
002820,1.6
002862,1.6
300143,1.6
300218,1.6
300479,1.6
300482,1.6
300590,1.6
600236,1.6
600336,1.6
603178,1.6
688173,1.6
688325,1.6
688386,1.6
688577,1.6
688699,1.6
000607,1.59
000716,1.59
000955,1.59
001296,1.59
002761,1.59
300862,1.59
600295,1.59
600576,1.59
600936,1.59
601187,1.59
603611,1.59
688199,1.59
688656,1.59
000059,1.58
002140,1.58
002351,1.58
002638,1.58
002864,1.58
300659,1.58
300737,1.58
300971,1.58
301387,1.58
600299,1.58
600323,1.58
600881,1.58
600993,1.58
688168,1.58
688291,1.58
000159,1.57
001311,1.57
002127,1.57
300272,1.57
301221,1.57
600059,1.57
600373,1.57
600503,1.57
600640,1.57
600844,1.57
603381,1.57
605365,1.57
688625,1.57
688680,1.57
002905,1.56
300289,1.56
300605,1.56
300640,1.56
300662,1.56
300936,1.56
301525,1.56
600300,1.56
600520,1.56
603100,1.56
603527,1.56
000953,1.55
002357,1.55
002861,1.55
300585,1.55
300712,1.55
603916,1.55
605118,1.55
605208,1.55
688084,1.55
002110,1.54
002295,1.54
002393,1.54
002476,1.54
002723,1.54
002748,1.54
300039,1.54
300106,1.54
601330,1.54
601965,1.54
605303,1.54
001316,1.53
002154,1.53
002557,1.53
002919,1.53
300140,1.53
300240,1.53
600094,1.53
600382,1.53
603155,1.53
603331,1.53
603589,1.53
003043,1.52
300804,1.52
301075,1.52
301089,1.52
301210,1.52
301565,1.52
603081,1.52
002511,1.51
002541,1.51
002631,1.51
300510,1.51
300868,1.51
300889,1.51
300898,1.51
300955,1.51
301022,1.51
301066,1.51
301121,1.51
301592,1.51
600167,1.51
600802,1.51
601860,1.51
603657,1.51
603811,1.51
603992,1.51
688179,1.51
002572,1.5
002628,1.5
003002,1.5
003033,1.5
300070,1.5
301419,1.5
600539,1.5
603681,1.5
688686,1.5
000520,1.49
001391,1.49
002059,1.49
002314,1.49
002609,1.49
002793,1.49
002823,1.49
002912,1.49
300022,1.49
300667,1.49
300805,1.49
301360,1.49
600004,1.49
600138,1.49
600771,1.49
601956,1.49
688595,1.49
000655,1.48
002692,1.48
002901,1.48
002930,1.48
300464,1.48
300521,1.48
300637,1.48
300643,1.48
300982,1.48
301067,1.48
301111,1.48
603027,1.48
605050,1.48
605167,1.48
605319,1.48
002172,1.47
002870,1.47
002879,1.47
300375,1.47
301181,1.47
600252,1.47
600351,1.47
601298,1.47
605389,1.47
688219,1.47
688305,1.47
688475,1.47
688512,1.47
002135,1.46
002849,1.46
300554,1.46
300932,1.46
301041,1.46
301162,1.46
600199,1.46
601083,1.46
601599,1.46
603098,1.46
605555,1.46
688383,1.46
300707,1.45
300710,1.45
301313,1.45
600433,1.45
600511,1.45
601963,1.45
603229,1.45
603568,1.45
603630,1.45
603758,1.45
605016,1.45
688609,1.45
002209,1.44
002911,1.44
002921,1.44
002992,1.44
300788,1.44
301159,1.44
301335,1.44
600076,1.44
600819,1.44
601068,1.44
603271,1.44
605056,1.44
688369,1.44
000017,1.43
000883,1.43
002021,1.43
002869,1.43
002899,1.43
300210,1.43
300298,1.43
300633,1.43
301118,1.43
301252,1.43
600333,1.43
600530,1.43
600727,1.43
600830,1.43
603007,1.43
603499,1.43
688435,1.43
688573,1.43
000802,1.42
002141,1.42
002469,1.42
002489,1.42
002508,1.42
300592,1.42
300836,1.42
300892,1.42
301087,1.42
301286,1.42
301391,1.42
301636,1.42
600327,1.42
600395,1.42
601369,1.42
603038,1.42
603150,1.42
603202,1.42
603899,1.42
688231,1.42
000633,1.41
002043,1.41
002166,1.41
002668,1.41
002832,1.41
002858,1.41
002950,1.41
003020,1.41
300052,1.41
300135,1.41
300259,1.41
300284,1.41
301548,1.41
605288,1.41
605298,1.41
605599,1.41
000718,1.4
000915,1.4
002096,1.4
002659,1.4
002800,1.4
003023,1.4
300566,1.4
300912,1.4
301218,1.4
600405,1.4
600502,1.4
603194,1.4
603266,1.4
603679,1.4
605162,1.4
688448,1.4
000860,1.39
001206,1.39
001216,1.39
001282,1.39
002363,1.39
002946,1.39
300534,1.39
300647,1.39
300807,1.39
300937,1.39
301257,1.39
601598,1.39
688819,1.39
000523,1.38
000937,1.38
001215,1.38
002867,1.38
002962,1.38
300195,1.38
300797,1.38
301109,1.38
301378,1.38
600257,1.38
600715,1.38
600822,1.38
601928,1.38
603989,1.38
605179,1.38
688081,1.38
688443,1.38
688588,1.38
001207,1.37
002084,1.37
002382,1.37
002615,1.37
301042,1.37
301148,1.37
301260,1.37
603013,1.37
603279,1.37
603633,1.37
603958,1.37
605228,1.37
688292,1.37
688679,1.37
002652,1.36
002845,1.36
300374,1.36
300665,1.36
300965,1.36
301039,1.36
301305,1.36
301365,1.36
301388,1.36
600750,1.36
600858,1.36
600962,1.36
603215,1.36
603638,1.36
603707,1.36
688189,1.36
688485,1.36
000156,1.35
001318,1.35
002567,1.35
002587,1.35
300138,1.35
300452,1.35
300470,1.35
300839,1.35
301025,1.35
301613,1.35
600496,1.35
603275,1.35
603919,1.35
605066,1.35
605588,1.35
688125,1.35
688138,1.35
688349,1.35
000096,1.34
001234,1.34
002205,1.34
002791,1.34
002981,1.34
003005,1.34
300275,1.34
300365,1.34
300529,1.34
300575,1.34
300853,1.34
300968,1.34
300979,1.34
600903,1.34
001332,1.33
002302,1.33
300492,1.33
300778,1.33
300818,1.33
300829,1.33
301003,1.33
301558,1.33
301589,1.33
600523,1.33
600708,1.33
600956,1.33
600975,1.33
601952,1.33
603128,1.33
688118,1.33
001266,1.32
002419,1.32
300481,1.32
301311,1.32
301535,1.32
600429,1.32
600510,1.32
600812,1.32
601098,1.32
601121,1.32
603193,1.32
603489,1.32
000589,1.31
000919,1.31
000920,1.31
002259,1.31
002690,1.31
002857,1.31
300668,1.31
300947,1.31
300981,1.31
603458,1.31
603585,1.31
688289,1.31
688607,1.31
000088,1.3
000090,1.3
002395,1.3
002516,1.3
002780,1.3
002907,1.3
003017,1.3
300183,1.3
300445,1.3
300639,1.3
300988,1.3
301046,1.3
301501,1.3
603023,1.3
603125,1.3
603903,1.3
688190,1.3
002875,1.29
600293,1.29
600422,1.29
603926,1.29
002420,1.28
300995,1.28
301133,1.28
301197,1.28
600612,1.28
600628,1.28
600729,1.28
603012,1.28
603036,1.28
603132,1.28
603285,1.28
605333,1.28
605399,1.28
000800,1.27
001217,1.27
001360,1.27
002571,1.27
002767,1.27
300206,1.27
300488,1.27
300656,1.27
301310,1.27
301608,1.27
600551,1.27
601279,1.27
603080,1.27
603097,1.27
603380,1.27
603949,1.27
605058,1.27
605128,1.27
688100,1.27
688330,1.27
688789,1.27
000058,1.26
000898,1.26
001379,1.26
002540,1.26
002933,1.26
300522,1.26
300543,1.26
301149,1.26
600125,1.26
600149,1.26
600162,1.26
600630,1.26
603577,1.26
688080,1.26
688246,1.26
688302,1.26
688399,1.26
000402,1.25
001288,1.25
002060,1.25
002349,1.25
002372,1.25
002712,1.25
002786,1.25
300701,1.25
301077,1.25
600191,1.25
600377,1.25
600420,1.25
603058,1.25
603697,1.25
603995,1.25
688119,1.25
688290,1.25
688610,1.25
688612,1.25
688708,1.25
000913,1.24
002107,1.24
002287,1.24
002403,1.24
002574,1.24
002686,1.24
002873,1.24
002918,1.24
300466,1.24
300509,1.24
300562,1.24
300732,1.24
300970,1.24
301299,1.24
301361,1.24
301555,1.24
600054,1.24
600448,1.24
600719,1.24
600780,1.24
603035,1.24
688580,1.24
688628,1.24
000509,1.23
000848,1.23
000856,1.23
003006,1.23
300692,1.23
300755,1.23
300828,1.23
301045,1.23
301281,1.23
301380,1.23
600232,1.23
600249,1.23
600251,1.23
600928,1.23
688620,1.23
688682,1.23
688696,1.23
000531,1.22
002233,1.22
002576,1.22
002724,1.22
002996,1.22
003038,1.22
300197,1.22
300214,1.22
300796,1.22
300880,1.22
301202,1.22
301393,1.22
600929,1.22
600971,1.22
601007,1.22
603016,1.22
603617,1.22
688351,1.22
000926,1.21
001338,1.21
002613,1.21
002679,1.21
300307,1.21
300320,1.21
300878,1.21
300881,1.21
300973,1.21
301048,1.21
600130,1.21
600675,1.21
603219,1.21
603536,1.21
688653,1.21
000782,1.2
001306,1.2
002012,1.2
002034,1.2
002910,1.2
300194,1.2
300247,1.2
300329,1.2
300508,1.2
300834,1.2
301016,1.2
301322,1.2
603567,1.2
603776,1.2
002061,1.19
002458,1.19
002715,1.19
002871,1.19
300288,1.19
300370,1.19
300538,1.19
300860,1.19
300916,1.19
301028,1.19
301053,1.19
301092,1.19
301112,1.19
600195,1.19
600594,1.19
600738,1.19
603233,1.19
603395,1.19
000020,1.18
000663,1.18
002066,1.18
002274,1.18
002454,1.18
300873,1.18
301211,1.18
301280,1.18
301321,1.18
301591,1.18
301595,1.18
600825,1.18
603113,1.18
603917,1.18
605198,1.18
688079,1.18
688722,1.18
688767,1.18
001382,1.17
002321,1.17
002876,1.17
300281,1.17
300556,1.17
300691,1.17
300848,1.17
301061,1.17
301157,1.17
301381,1.17
600717,1.17
603196,1.17
603335,1.17
603375,1.17
605286,1.17
688070,1.17
688207,1.17
688230,1.17
688259,1.17
002101,1.16
002105,1.16
002390,1.16
002591,1.16
002877,1.16
003027,1.16
301220,1.16
600189,1.16
600605,1.16
600827,1.16
600846,1.16
600955,1.16
600981,1.16
603010,1.16
688750,1.16
000952,1.15
002674,1.15
003042,1.15
300294,1.15
300515,1.15
300702,1.15
300904,1.15
301119,1.15
301125,1.15
301168,1.15
600712,1.15
601002,1.15
688218,1.15
688551,1.15
000421,1.14
000429,1.14
000626,1.14
002238,1.14
002303,1.14
002955,1.14
300501,1.14
300536,1.14
301193,1.14
301367,1.14
301665,1.14
603050,1.14
603173,1.14
603312,1.14
603368,1.14
603759,1.14
603858,1.14
605033,1.14
688151,1.14
688335,1.14
688356,1.14
688458,1.14
002224,1.13
002337,1.13
002678,1.13
002718,1.13
300449,1.13
300513,1.13
300802,1.13
300877,1.13
300893,1.13
300907,1.13
301011,1.13
301138,1.13
301533,1.13
600609,1.13
600908,1.13
600966,1.13
601113,1.13
601568,1.13
603956,1.13
605055,1.13
688093,1.13
688373,1.13
000978,1.12
001269,1.12
001289,1.12
002267,1.12
002492,1.12
002695,1.12
002983,1.12
300523,1.12
301035,1.12
301058,1.12
301339,1.12
600017,1.12
600697,1.12
600824,1.12
603798,1.12
603948,1.12
605296,1.12
605337,1.12
000541,1.11
000573,1.11
002462,1.11
002622,1.11
002825,1.11
002909,1.11
301010,1.11
301439,1.11
600071,1.11
600116,1.11
600444,1.11
600731,1.11
600791,1.11
603014,1.11
603192,1.11
000012,1.1
002346,1.1
002482,1.1
002801,1.1
002917,1.1
003037,1.1
300160,1.1
300407,1.1
300891,1.1
300962,1.1
301187,1.1
301277,1.1
301278,1.1
600073,1.1
600088,1.1
600725,1.1
601921,1.1
603258,1.1
603313,1.1
603713,1.1
688560,1.1
000404,1.09
002186,1.09
002813,1.09
300107,1.09
300150,1.09
300920,1.09
300951,1.09
301180,1.09
301383,1.09
600668,1.09
600757,1.09
600814,1.09
601500,1.09
603311,1.09
603317,1.09
603727,1.09
605116,1.09
000019,1.08
000705,1.08
001268,1.08
001914,1.08
002760,1.08
300532,1.08
300670,1.08
301329,1.08
600626,1.08
603076,1.08
603680,1.08
688139,1.08
000411,1.07
002098,1.07
002480,1.07
002616,1.07
003016,1.07
300453,1.07
300504,1.07
300854,1.07
300978,1.07
301507,1.07
600540,1.07
600573,1.07
600603,1.07
600805,1.07
601326,1.07
603085,1.07
603165,1.07
603344,1.07
603637,1.07
603955,1.07
688103,1.07
688697,1.07
000597,1.06
300013,1.06
300673,1.06
300837,1.06
300956,1.06
301024,1.06
600743,1.06
600853,1.06
600969,1.06
601798,1.06
603655,1.06
605507,1.06
688071,1.06
000719,1.05
002662,1.05
300992,1.05
301516,1.05
600778,1.05
600897,1.05
601038,1.05
603028,1.05
603209,1.05
603387,1.05
603665,1.05
605011,1.05
605086,1.05
688273,1.05
688602,1.05
688757,1.05
000007,1.04
000731,1.04
000812,1.04
001380,1.04
002316,1.04
002397,1.04
002441,1.04
002644,1.04
002976,1.04
003001,1.04
003003,1.04
300230,1.04
301023,1.04
301328,1.04
603214,1.04
603270,1.04
603355,1.04
603879,1.04
603982,1.04
603983,1.04
605169,1.04
688128,1.04
688133,1.04
688225,1.04
002853,1.03
300649,1.03
300869,1.03
301047,1.03
301063,1.03
301560,1.03
301587,1.03
600055,1.03
600350,1.03
600694,1.03
600713,1.03
600857,1.03
603658,1.03
605069,1.03
688611,1.03
000809,1.02
002191,1.02
002242,1.02
002461,1.02
002561,1.02
002614,1.02
002799,1.02
002833,1.02
301229,1.02
600992,1.02
601019,1.02
603095,1.02
603223,1.02
603299,1.02
603602,1.02
688238,1.02
688667,1.02
000028,1.01
001209,1.01
002775,1.01
300817,1.01
300865,1.01
300998,1.01
301126,1.01
301215,1.01
301505,1.01
301596,1.01
600223,1.01
600449,1.01
600461,1.01
600508,1.01
600569,1.01
603126,1.01
605566,1.01
688196,1.01
688282,1.01
688419,1.01
688721,1.01
000717,1.0
002319,1.0
300030,1.0
301055,1.0
301456,1.0
301557,1.0
601228,1.0
601528,1.0
603057,1.0
603089,1.0
603488,1.0
603500,1.0
603818,1.0
603999,1.0
605028,1.0
688152,1.0
688371,1.0
688613,1.0
000550,0.99
000652,0.99
000713,0.99
000715,0.99
002047,0.99
002481,0.99
002774,0.99
002973,0.99
300426,0.99
300715,0.99
301001,0.99
600052,0.99
600746,0.99
600939,0.99
601366,0.99
603187,0.99
603199,0.99
603787,0.99
001255,0.98
002391,0.98
002986,0.98
300190,0.98
300599,0.98
300713,0.98
301169,0.98
301267,0.98
301399,0.98
600638,0.98
603120,0.98
603391,0.98
603937,0.98
605009,0.98
688215,0.98
002551,0.97
002722,0.97
300387,0.97
300787,0.97
300845,0.97
301268,0.97
600579,0.97
600679,0.97
603033,0.97
603615,0.97
605189,0.97
605258,0.97
000850,0.96
001211,0.96
001299,0.96
003039,0.96
300405,0.96
300463,0.96
300746,0.96
300813,0.96
301190,0.96
301567,0.96
600128,0.96
600538,0.96
603708,0.96
000507,0.95
000526,0.95
001319,0.95
002216,0.95
002388,0.95
300011,0.95
300664,0.95
300808,0.95
600742,0.95
603136,0.95
603281,0.95
603373,0.95
688085,0.95
688334,0.95
688566,0.95
000089,0.94
000428,0.94
001313,0.94
002111,0.94
002479,0.94
002483,0.94
002677,0.94
300318,0.94
300886,0.94
300989,0.94
301185,0.94
301355,0.94
301499,0.94
603717,0.94
603725,0.94
605166,0.94
688045,0.94
688112,0.94
688589,0.94
000521,0.93
002032,0.93
002663,0.93
002852,0.93
300412,0.93
300856,0.93
301009,0.93
301019,0.93
600012,0.93
600335,0.93
600597,0.93
600935,0.93
603188,0.93
603682,0.93
603855,0.93
605068,0.93
605268,0.93
688689,0.93
000011,0.92
000031,0.92
300025,0.92
300074,0.92
300694,0.92
301043,0.92
301057,0.92
301586,0.92
600272,0.92
600657,0.92
600662,0.92
600997,0.92
601339,0.92
603004,0.92
603535,0.92
603739,0.92
000590,0.91
000697,0.91
000897,0.91
002344,0.91
002412,0.91
002830,0.91
300176,0.91
300220,0.91
600371,0.91
600439,0.91
600774,0.91
600851,0.91
603217,0.91
688410,0.91
688710,0.91
000631,0.9
000637,0.9
002003,0.9
002377,0.9
002956,0.9
002982,0.9
300500,0.9
300897,0.9
300985,0.9
301051,0.9
301279,0.9
600097,0.9
600278,0.9
600279,0.9
601882,0.9
603059,0.9
603669,0.9
605018,0.9
688157,0.9
688350,0.9
001222,0.89
002188,0.89
002660,0.89
002758,0.89
002855,0.89
002888,0.89
002998,0.89
300105,0.89
300321,0.89
300615,0.89
300675,0.89
301577,0.89
600308,0.89
600663,0.89
601949,0.89
603001,0.89
603018,0.89
603685,0.89
605338,0.89
688345,0.89
688592,0.89
688651,0.89
688786,0.89
000570,0.88
000868,0.88
300388,0.88
300906,0.88
300942,0.88
301032,0.88
600303,0.88
600655,0.88
600807,0.88
603079,0.88
603339,0.88
603701,0.88
605077,0.88
688171,0.88
688272,0.88
688579,0.88
000151,0.87
000702,0.87
002743,0.87
002863,0.87
301237,0.87
301459,0.87
600322,0.87
600724,0.87
600987,0.87
601107,0.87
605500,0.87
688087,0.87
688255,0.87
688317,0.87
002425,0.86
002666,0.86
002671,0.86
002746,0.86
300110,0.86
300512,0.86
301129,0.86
301588,0.86
301616,0.86
600081,0.86
600479,0.86
600874,0.86
603082,0.86
603889,0.86
688098,0.86
688212,0.86
688253,0.86
688269,0.86
688377,0.86
688557,0.86
000153,0.85
000498,0.85
000885,0.85
001229,0.85
002486,0.85
002696,0.85
002778,0.85
002889,0.85
002959,0.85
300306,0.85
300635,0.85
300743,0.85
300791,0.85
301033,0.85
301186,0.85
301300,0.85
301336,0.85
600269,0.85
600368,0.85
601512,0.85
603177,0.85
603206,0.85
603439,0.85
605007,0.85
688267,0.85
000757,0.84
001226,0.84
002330,0.84
300314,0.84
300384,0.84
301239,0.84
301289,0.84
600217,0.84
600234,0.84
601200,0.84
601588,0.84
603139,0.84
603320,0.84
603348,0.84
688177,0.84
688768,0.84
001210,0.83
300234,0.83
300931,0.83
301060,0.83
301255,0.83
600833,0.83
601996,0.83
603656,0.83
688244,0.83
688367,0.83
000401,0.82
001335,0.82
002836,0.82
300193,0.82
300883,0.82
301062,0.82
301151,0.82
301371,0.82
301446,0.82
600215,0.82
600241,0.82
603356,0.82
603722,0.82
603790,0.82
603866,0.82
605108,0.82
688232,0.82
688237,0.82
688309,0.82
000679,0.81
001202,0.81
001225,0.81
001230,0.81
001239,0.81
002159,0.81
002333,0.81
002798,0.81
003011,0.81
300155,0.81
300266,0.81
300564,0.81
300994,0.81
301083,0.81
301227,0.81
600358,0.81
600359,0.81
600720,0.81
601686,0.81
601828,0.81
603848,0.81
688046,0.81
688073,0.81
688089,0.81
688096,0.81
688216,0.81
688455,0.81
688575,0.81
001300,0.8
002133,0.8
002404,0.8
002442,0.8
002887,0.8
300930,0.8
300960,0.8
300966,0.8
301222,0.8
600248,0.8
600493,0.8
601801,0.8
603221,0.8
603309,0.8
603350,0.8
603719,0.8
603733,0.8
688293,0.8
000030,0.79
000790,0.79
001367,0.79
003000,0.79
300597,0.79
301135,0.79
301295,0.79
600261,0.79
600512,0.79
601968,0.79
603190,0.79
603839,0.79
605155,0.79
688393,0.79
000828,0.78
001223,0.78
001328,0.78
001356,0.78
002116,0.78
002293,0.78
002495,0.78
002535,0.78
300103,0.78
300165,0.78
300901,0.78
300935,0.78
301233,0.78
301320,0.78
301448,0.78
600463,0.78
600639,0.78
600768,0.78
600784,0.78
600976,0.78
603151,0.78
603324,0.78
603586,0.78
688251,0.78
002367,0.77
300359,0.77
300406,0.77
300616,0.77
301287,0.77
301386,0.77
301602,0.77
600305,0.77
600616,0.77
601033,0.77
603176,0.77
688013,0.77
688505,0.77
000635,0.76
000692,0.76
000779,0.76
001278,0.76
002322,0.76
300822,0.76
301177,0.76
301234,0.76
600319,0.76
603055,0.76
603065,0.76
603207,0.76
603273,0.76
605005,0.76
001213,0.75
002737,0.75
002963,0.75
300610,0.75
300729,0.75
301090,0.75
301131,0.75
301199,0.75
301258,0.75
600197,0.75
600469,0.75
601188,0.75
603161,0.75
603325,0.75
603330,0.75
603506,0.75
603711,0.75
603819,0.75
603895,0.75
605377,0.75
688315,0.75
688618,0.75
002035,0.74
002069,0.74
003025,0.74
300844,0.74
300894,0.74
301036,0.74
301122,0.74
600137,0.74
600148,0.74
600159,0.74
600671,0.74
600692,0.74
601886,0.74
603558,0.74
603779,0.74
603987,0.74
688038,0.74
688197,0.74
688314,0.74
688669,0.74
001324,0.73
002375,0.73
002524,0.73
002633,0.73
300422,0.73
300517,0.73
300550,0.73
300849,0.73
600231,0.73
603022,0.73
603111,0.73
603238,0.73
603289,0.73
001277,0.72
002949,0.72
300549,0.72
300741,0.72
600653,0.72
601163,0.72
603020,0.72
603048,0.72
603167,0.72
688283,0.72
688489,0.72
000419,0.71
001368,0.71
002016,0.71
002022,0.71
002144,0.71
300239,0.71
300441,0.71
300949,0.71
301156,0.71
301283,0.71
301502,0.71
603135,0.71
603677,0.71
603898,0.71
605259,0.71
688665,0.71
000726,0.7
001231,0.7
002543,0.7
002641,0.7
301056,0.7
600202,0.7
603291,0.7
603967,0.7
688288,0.7
688310,0.7
688398,0.7
688737,0.7
000707,0.69
001326,0.69
300097,0.69
300824,0.69
300876,0.69
301108,0.69
301276,0.69
301508,0.69
301528,0.69
600356,0.69
600661,0.69
600876,0.69
603043,0.69
603168,0.69
603709,0.69
603909,0.69
688298,0.69
688509,0.69
688517,0.69
688619,0.69
000931,0.68
001872,0.68
002577,0.68
002942,0.68
002968,0.68
300519,0.68
301337,0.68
600526,0.68
600620,0.68
600796,0.68
603062,0.68
603070,0.68
603116,0.68
603159,0.68
688101,0.68
688758,0.68
000068,0.67
000985,0.67
300381,0.67
301116,0.67
301303,0.67
301559,0.67
600613,0.67
600894,0.67
603600,0.67
605098,0.67
605577,0.67
688115,0.67
688276,0.67
000517,0.66
000553,0.66
000900,0.66
001205,0.66
001387,0.66
002646,0.66
002753,0.66
002835,0.66
002999,0.66
003012,0.66
300636,0.66
301115,0.66
301206,0.66
603006,0.66
603886,0.66
605151,0.66
605183,0.66
688051,0.66
688501,0.66
688529,0.66
688623,0.66
688657,0.66
000619,0.65
002884,0.65
300126,0.65
300514,0.65
300789,0.65
301081,0.65
301318,0.65
301370,0.65
600168,0.65
600831,0.65
600861,0.65
601999,0.65
603566,0.65
605080,0.65
688162,0.65
002072,0.64
002247,0.64
002763,0.64
002790,0.64
300187,0.64
301372,0.64
600533,0.64
600790,0.64
603213,0.64
603409,0.64
603856,0.64
603968,0.64
001395,0.63
300154,0.63
300669,0.63
301098,0.63
301198,0.63
301290,0.63
600020,0.63
600419,0.63
600925,0.63
603578,0.63
603639,0.63
603808,0.63
605186,0.63
605218,0.63
605368,0.63
688161,0.63
688357,0.63
688600,0.63
000042,0.62
001228,0.62
001333,0.62
002399,0.62
002880,0.62
300371,0.62
300795,0.62
300826,0.62
301469,0.62
600386,0.62
600817,0.62
603172,0.62
603569,0.62
605122,0.62
688156,0.62
688203,0.62
688670,0.62
001256,0.61
002566,0.61
002991,0.61
301102,0.61
301163,0.61
301212,0.61
600689,0.61
600983,0.61
601199,0.61
601827,0.61
603117,0.61
603210,0.61
603231,0.61
603255,0.61
603788,0.61
605003,0.61
688004,0.61
688069,0.61
688633,0.61
001219,0.6
001308,0.6
002275,0.6
300614,0.6
300823,0.6
300833,0.6
301331,0.6
301356,0.6
301581,0.6
600283,0.6
600615,0.6
601811,0.6
603706,0.6
688055,0.6
688175,0.6
688558,0.6
688597,0.6
000761,0.59
000906,0.59
002494,0.59
300112,0.59
300717,0.59
301004,0.59
301376,0.59
301520,0.59
603091,0.59
603511,0.59
603755,0.59
605339,0.59
688198,0.59
688581,0.59
000430,0.58
001201,0.58
001259,0.58
002234,0.58
002802,0.58
300653,0.58
301059,0.58
301106,0.58
301107,0.58
301195,0.58
603053,0.58
603060,0.58
603066,0.58
603648,0.58
688533,0.58
688739,0.58
000557,0.57
001336,0.57
002088,0.57
002732,0.57
002972,0.57
300958,0.57
301097,0.57
301395,0.57
301512,0.57
301601,0.57
600007,0.57
600560,0.57
600834,0.57
603153,0.57
603310,0.57
603801,0.57
001279,0.56
001366,0.56
300535,0.56
301618,0.56
600854,0.56
600917,0.56
601158,0.56
603183,0.56
603230,0.56
603836,0.56
000544,0.55
301192,0.55
603326,0.55
603896,0.55
605001,0.55
688236,0.55
688265,0.55
688358,0.55
001260,0.54
002868,0.54
003028,0.54
003030,0.54
300305,0.54
300334,0.54
300928,0.54
301020,0.54
301552,0.54
600051,0.54
600235,0.54
600548,0.54
601065,0.54
603676,0.54
603868,0.54
605008,0.54
000518,0.53
000548,0.53
000608,0.53
000789,0.53
001373,0.53
300583,0.53
301130,0.53
301598,0.53
600035,0.53
600561,0.53
603029,0.53
603810,0.53
605089,0.53
688058,0.53
688163,0.53
688389,0.53
688479,0.53
002700,0.52
301203,0.52
301515,0.52
601518,0.52
605158,0.52
688105,0.52
688793,0.52
000055,0.51
300577,0.51
300977,0.51
301065,0.51
301309,0.51
600716,0.51
603075,0.51
603208,0.51
603880,0.51
603970,0.51
605300,0.51
605567,0.51
688121,0.51
688429,0.51
688683,0.51
000605,0.5
002282,0.5
002672,0.5
300439,0.5
301105,0.5
301167,0.5
301173,0.5
301272,0.5
600847,0.5
603282,0.5
603587,0.5
605138,0.5
688526,0.5
000755,0.49
002521,0.49
002687,0.49
300417,0.49
300838,0.49
301539,0.49
603041,0.49
603689,0.49
002817,0.48
300425,0.48
300784,0.48
301072,0.48
603170,0.48
603276,0.48
603700,0.48
603768,0.48
688030,0.48
688130,0.48
001358,0.47
002327,0.47
301068,0.47
301314,0.47
301585,0.47
301633,0.47
600455,0.47
603976,0.47
605180,0.47
688015,0.47
688026,0.47
001218,0.46
002573,0.46
300908,0.46
301088,0.46
301170,0.46
301273,0.46
301298,0.46
600099,0.46
603102,0.46
603107,0.46
603237,0.46
603321,0.46
603357,0.46
605177,0.46
688021,0.46
688061,0.46
688137,0.46
688511,0.46
301049,0.45
301332,0.45
603201,0.45
603205,0.45
603329,0.45
603365,0.45
603408,0.45
603519,0.45
688391,0.45
000529,0.44
000910,0.44
300915,0.44
300983,0.44
301103,0.44
301166,0.44
301359,0.44
603908,0.44
003008,0.43
300929,0.43
301100,0.43
301353,0.43
301418,0.43
301578,0.43
600648,0.43
603096,0.43
603860,0.43
603877,0.43
688132,0.43
688178,0.43
688755,0.43
002749,0.42
300923,0.42
301390,0.42
603071,0.42
605266,0.42
688113,0.42
688370,0.42
002818,0.41
300621,0.41
300800,0.41
600229,0.41
600287,0.41
600665,0.41
603303,0.41
688247,0.41
688571,0.41
001322,0.4
001378,0.4
002661,0.4
603182,0.4
688329,0.4
688366,0.4
688450,0.4
688606,0.4
300864,0.39
603180,0.39
603351,0.39
603551,0.39
603609,0.39
688565,0.39
688638,0.39
688659,0.39
002381,0.38
002742,0.38
002890,0.38
301006,0.38
301037,0.38
301503,0.38
301519,0.38
603277,0.38
603661,0.38
605369,0.38
688338,0.38
688468,0.38
688616,0.38
688681,0.38
003013,0.37
301113,0.37
688129,0.37
688355,0.37
000869,0.36
002014,0.36
600182,0.36
600883,0.36
603137,0.36
603797,0.36
301223,0.35
601368,0.35
603073,0.35
603307,0.35
688067,0.35
688426,0.35
688718,0.35
300851,0.34
688395,0.34
688695,0.34
603515,0.33
688078,0.33
688193,0.33
688576,0.33
688671,0.33
001323,0.32
003004,0.32
301296,0.32
301429,0.32
688092,0.32
300625,0.31
688296,0.31
688466,0.31
300899,0.3
